topic,sourceName,src,seriesName,ser,defaultSeries,defaultClass,infoURL,defaultVer
Traits,Ancient Reef Traits Database,AncientReefTraits,Reference list,refs,FALSE,data.frame,https://chronosphere.info/data/AncientReefTraits/refs/,1.04
Traits,Ancient Reef Traits Database,AncientReefTraits,Denormalized Trait Data,traits,TRUE,data.frame,https://chronosphere.info/data/AncientReefTraits/traits/,1.04
Organism distribution,BioDeepTime,biodeeptime,Denormalized biogeographic observations,denormalized,TRUE,data.frame,https://chronosphere.info/data/biodeeptime/denormalized/,1.0
Organism distribution,BioDeepTime,biodeeptime,Bchron ages for records from the Neotoma Paleoecology Database,neotoma-bchron,FALSE,data.frame,https://chronosphere.info/data/biodeeptime/neotoma-bchron/,1.0
Organism distribution,BioDeepTime,biodeeptime,SQLite Relational Database,rdb,FALSE,SQLiteConnection,https://chronosphere.info/data/biodeeptime/rdb/,1.0
Traits,Coral Trait Database,CoralTraitDB,Trait data,data,TRUE,data.frame,https://chronosphere.info/data/CoralTraitDB/data/,1.1.1
Traits,Coral Trait Database,CoralTraitDB,Utilized resources,resources,FALSE,data.frame,https://chronosphere.info/data/CoralTraitDB/resources/,1.1.1
Geochemistry,The global database of deep-time marine nitrogen isotope data,DSMS-NI,Main dataset.,main,TRUE,data.frame,https://chronosphere.info/data/DSMS-NI/main/,0.2
Organism distribution,Compilation of planktonic foraminifera census counts in marine surface sediment samples,ForCenS,Main dataset: census counts.,main,TRUE,data.frame,https://chronosphere.info/data/ForCenS/main/,1
Organism distribution,A compilation of planktonic foraminifera assemblage composition for the Last Glacial Maximum,ForCenS-LGM,Main dataset,main,TRUE,data.frame,https://chronosphere.info/data/ForCenS-LGM/main/,1
Organism distribution,Foraminifera Response to Climatic Stress,forcis,CPR North,cpr_north,FALSE,data.frame,https://chronosphere.info/data/forcis/cpr_north/,v5
Organism distribution,Foraminifera Response to Climatic Stress,forcis,CPR South,cpr_south,FALSE,data.frame,https://chronosphere.info/data/forcis/cpr_south/,v5
Organism distribution,Foraminifera Response to Climatic Stress,forcis,Net,net,FALSE,data.frame,https://chronosphere.info/data/forcis/pump/,v5
Organism distribution,Foraminifera Response to Climatic Stress,forcis,Pump,pump,FALSE,data.frame,https://chronosphere.info/data/forcis/pump/,v5
Organism distribution,Foraminifera Response to Climatic Stress,forcis,Trap,trap,TRUE,data.frame,https://chronosphere.info/data/forcis/trap/,v5
Anthropogenic Impacts,Global Coral Bleaching Database (1980-2020),GlobalCoralBleachingDB,Relational Database,rdb,TRUE,SQLiteConnection,https://chronosphere.info/data/GlobalCoralBleachingDB/rdb/,1
Paleogeography,GPlates: Building a virtual Earth through deep time,GPlates,Model from 'Earth's tectonic and plate boundary evolution over 1.8 billion years (supplementary data)',CAO2024,FALSE,platemodel,https://chronosphere.info/data/GPlates/CAO2024/,v2.4
Paleogeography,GPlates: Building a virtual Earth through deep time,GPlates,"Phanerozoic Plate Motion Model from the article 'Wright, N., S. Zahirovic, R. D. Müller, and M. Seton (2013), Towards community-driven, open-access paleogeographic reconstructions: integrating open-access paleogeographic and paleobiology data with plate tectonics, Biogeosciences, 10, 1-13'",GOLONKA,FALSE,platemodel,https://chronosphere.info/data/GPlates/GOLONKA/,v1
Paleogeography,GPlates: Building a virtual Earth through deep time,GPlates,Plate model for 'Extending Full-Plate Tectonic Models into Deep Time: Linking the Neoproterozoic and the Phanerozoic',MERDITH2021,TRUE,platemodel,https://chronosphere.info/data/EarthByte/MERDITH2021/,1.1
Paleogeography,GPlates: Building a virtual Earth through deep time,GPlates,A tectonic-rules-based mantle reference frame since 1 billion years ago – implications for supercontinent cycles and plate–mantle system evolution,MULLER2022,FALSE,platemodel,https://chronosphere.info/data/GPlates/MULLER2022/,1.2.4
Paleogeography,GPlates: Building a virtual Earth through deep time,GPlates,Model from 'Subduction kinematics and carbonate platform interactions',ZAHIROVIC2022,FALSE,platemodel,https://chronosphere.info/data/GPlates/ZAHIROVIC2022/,v3
Traits,Body size data from 'Cope's rule in the evolution of marine animals',heim2015cope,Body size data of genera,main,TRUE,data.frame,https://chronosphere-portal.org/,1
Bioregionalization,Marine Ecoregions of the World,MEOW,A Bioregionalization of Coastal and Shelf Areas,vector,TRUE,sf,https://chronosphere.info/data/MEOW/vector/,20070701
Bioregionalization,Biodiversity Hotspots (sensu Myers),myers-hotspots,Both hotspot areas and outer limits,all,FALSE,sf,https://chronosphere.info/data/myers-hotspots/all/,2016.1
Bioregionalization,Biodiversity Hotspots (sensu Myers),myers-hotspots,Hotspot areas (all),areas,TRUE,sf,https://chronosphere.info/data/myers-hotspots/areas/,2016.1
Bioregionalization,Biodiversity Hotspots (sensu Myers),myers-hotspots,Outer limits,outer,FALSE,sf,https://chronosphere.info/data/myers-hotspots/outer/,2016.1
Geography,Natural Earth,NaturalEarth,Land polygons including major islands,land,TRUE,sf,https://chronosphere.info/data/NaturalEarth/land/,4.1.0
Organism distribution,Neptune Sandbox Berlin,neptune,Denormalized age models table,agemodels,FALSE,data.frame,https://chronosphere.info/data/neptune/agemodels/,2023-06-05
Organism distribution,Neptune Sandbox Berlin,neptune,Filtered denormalized occurrence table,filtered,FALSE,data.frame,https://chronosphere.info/data/neptune/filtered/,2023-06-05
Organism distribution,Neptune Sandbox Berlin,neptune,Denormalized occurrence table,occs,FALSE,data.frame,https://chronosphere.info/data/neptune/occs/,2023-06-05
Organism distribution,Neptune Sandbox Berlin,neptune,Relational Database (sqlite),sqlite,TRUE,SQLiteConnection,https://chronosphere.info/data/neptune/sqlite/,2023-06-05
Paleogeography,The PALEOMAP project,paleomap,Areas calculated from the PaleoMAP paleocoastline reconstructions.,areas,FALSE,data.frame,https://chronosphere.info/data/paleomap/areas/,7
Paleogeography,The PALEOMAP project,paleomap,PaleoMAP Paleodigital Elevation Models,dem,TRUE,RasterArray,https://chronosphere.info/data/paleomap/dem/,v24221
Paleogeography,The PALEOMAP project,paleomap,Global Mean Surface Temperature,gmst,FALSE,RasterArray,https://chronosphere.info/data/paleomap/gmst/,scotese02a_v21321
Paleogeography,The PALEOMAP project,paleomap,Plate tectonic reconstruction,model,FALSE,platemodel,https://chronosphere.info/data/paleomap/model/,v19o_r1c
Paleogeography,The PALEOMAP project,paleomap,PALEOMAP PaleoAtlas for GPlates,paleoatlas,FALSE,RasterArray,https://chronosphere.info/data/paleomap/paleoatlas/,v3
Paleogeography,The PALEOMAP project,paleomap,Paleomap Paleocoastlines,paleocoastlines,FALSE,SfcArray,https://chronosphere.info/data/paleomap/paleocoastlines/,7
Paleogeography,The PALEOMAP project,paleomap,PALEOMAP Paleorainfall (Total Annual Precipitation),rainfall,FALSE,RasterArray,www.chronosphere.info/data/paleomap/rainfall/,scotese_02
Organism distribution,The Paleobiology Database,pbdb,Basic denormalized occurrence table,occs,FALSE,data.frame,https://chronosphere.info/data/pbdb/occs/,20200907
Organism distribution,The Paleobiology Database,pbdb,Basic denormalized occurrence table with references,occs2,FALSE,data.frame,https://chronosphere.info/data/pbdb/occs2/,20210517
Organism distribution,The Paleobiology Database,pbdb,"Basic denormalized occurrence table with references, updated with abundance data",occs3,FALSE,data.frame,https://chronosphere.info/data/pbdb/occs3/,20251216
Organism distribution,The Paleobiology Database,pbdb,"Basic denormalized occurrence table with references, updated with abundance data",occs4,TRUE,data.frame,https://chronosphere.info/data/pbdb/occs4/,20260809
Organism distribution,The Paleobiology Database,pbdb,Denormalized taxon table,taxa,FALSE,data.frame,https://chronosphere-portal.org/pbdb/taxa,20260809
Geochemistry,PhanSST - A global database of Phanerozoic sea surface temperature proxy data,PhanSST,Database,db,TRUE,data.frame,,v0.0.1-beta 
Paleogeography,Data and code for 'Thermal niches of planktonic foraminifera are static throughout glacial–interglacial climate change',REF-antell2021thermal,Had-CM3 Temperature reconstructions for the past 800ka,800ka_temp_ymm,TRUE,data.frame,,1
Organism distribution,Data from Ecological structure of diversity-dependent diversification in Phanerozoic marine bivalves by,REF-foote2024bivalves,Intervals of first and last appearance of bivalve genera from Ecological structure of diversity-dependent diversification in Phanerozoic marine bivalves,ranges,TRUE,data.frame,,1
Organism distribution,Data from Ecological structure of diversity-dependent diversification in Phanerozoic marine bivalves by,REF-foote2024bivalves,Geological time scale used for this study from Ecological structure of diversity-dependent diversification in Phanerozoic marine bivalves,timescale,FALSE,data.frame,,1
Geochemistry,Ocean temperatures through the Phanerozoic reassessed,REF-grossman2022temperatures,Appendix 1. Oxygen and carbon isotopic compositions of biogenic carbonates and sample information.,carbonates,TRUE,data.frame,https://chronosphere.info/data/REF-grossman2022temperatures/carbonates/,1.1
Geochemistry,Ocean temperatures through the Phanerozoic reassessed,REF-grossman2022temperatures,Appendix 2. Oxygen isotope compositions of biogenic phosphates and sample information.,phosphates,FALSE,data.frame,https://chronosphere.info/data/REF-grossman2022temperatures/phosphates/,1.1
Paleogeography,Phanerozoic paleotemperatures: The earth’s changing climate during the last 540 million years,REF-scotese2021paleotemperatures,Supplementary material Part 4. Phanerozoic Paleotemperature (master sheet),master,TRUE,data.frame,https://chronosphere.info/data/REF-scotese2021paleotemperatures/master/,4
Geochemistry,Temperature data from Song et al.,REF-song2019temperature,Dataset S1 - Oxygen Isotope Dataset,oxygen-isotopes,TRUE,data.frame,https://chronosphere.info/data/REF-song2019temperature/oxygen-isotopes/,1
Geochemistry,Temperature data from Song et al.,REF-song2019temperature,Table S3. Sea surface temperatures and atmospheric CO2 concentrations per ten million years in the Phanerozoic,pCO2,FALSE,data.frame,https://chronosphere.info/data/REF-song2019temperature/pCO2/,1
Geochemistry,Temperature data from Song et al.,REF-song2019temperature,Table S1. Mean sea surface temperature per million years in the Phanerozoic,temperature,FALSE,data.frame,https://chronosphere.info/data/REF-song2019temperature/temperature/,1
Geochemistry,Temperatures and oxygen isotopic composition of Phanerozoic oceans,REF-veizer2015temperatures,Appendix A - Deep Sea Data,deep,FALSE,data.frame,https://chronosphere.info/data/REF-veizer2015temperatures/deep/,2015
Geochemistry,Temperatures and oxygen isotopic composition of Phanerozoic oceans,REF-veizer2015temperatures,Appendix B - Surface Data,surface,TRUE,data.frame,https://chronosphere.info/data/REF-veizer2015temperatures/surface/,2015
Traits,List of scleractinian genera in the Paleobiology Database and their inferred symbiotic mode,SOM-kiessling-coralgenera,The list of coral genera,list,TRUE,data.frame,https://chronosphere.info/data/SOM-kiessling-coralgenera/list/,0.54
Paleogeography,"Code, used data and supplementary items for the articled Increase in marine provinciality over the last 250 million years governed more by climate change than plate tectonics",SOM-kocsis-provinciality,S6. Interpolated  temperature  reconstructions  based  on  the  HadCM3L  climate  models  and  the PaleoMAP Paleocoastlines,sstinter,TRUE,RasterArray,https://chronosphere.info/data/SOM-kocsis-provinciality/ssinter/,v1.0
Geography,A high-resolution climate simulation dataset for the past 540 million years,SOM-Li-PhanerozoicClimate,"Monthly climate layers (Temperature, Precipitation, Surface Albedo, U and V Wind)",monthly,TRUE,RasterArray,https://chronosphere.info/data/SOM-Li-PhanerozoicClimate/monthly/,v1
Traits,Repository for: Reddin et al. 2020. Marine clade sensitivities to climate change conform across time scales,SOM-reddin-sensitivity,Modern metaanalysis support data,modern,TRUE,data.frame,https://chronosphere.info/data/SOM-reddin-sensitivity/modern/,Version 1
Paleogeography,The continent fragmentation results of Zaffos et al. 2017,SOM-zaffos-fragmentation,Continent fragmentation index,fragment,TRUE,data.frame,https://chronosphere.info/data/SOM-zaffos-fragmentation/fragment/,20170424
Organism distribution,Triton Database,triton,"Full version, with duplicates",full,TRUE,data.frame,https://chronosphere.info/data/triton/full/,3
Organism distribution,Triton Database,triton,As in publication,main,FALSE,data.frame,https://chronosphere.info/data/triton/main/,3
Organism distribution,Triton Database,triton,No-rounding,no-rounding,FALSE,data.frame,https://chronosphere.info/data/triton/no-rounding/,1
Geography,Sea level and flooded land data between 0 and 837 Ma,vandermeer2017sealevel,Not weathering corrected.,no-weathering,TRUE,data.frame,https://chronosphere.info/data/vandermeer2017sealevel/no-weathering/,1
Geography,Sea level and flooded land data between 0 and 837 Ma,vandermeer2017sealevel,Weathering corrected set. ,weathering,FALSE,data.frame,https://chronosphere.info/data/vandermeer2017sealevel/weathering/,1
