"name","name_on_ukrainian_wikipedia","administrative_division","popu_lation_2022_esti_mates_1","popu_lation_2001_census_7","popu_lationchange","full_name","lat","long"
"Cherkasy","Черкаси","Cherkasy",269836,295414,-8.66,"Cherkasy, Ukraine",49.443984,32.064891
"Kaniv","Канів","Cherkasy",23172,26657,-13.07,"Kaniv, Ukraine",49.749086,31.44991
"Smila","Сміла","Cherkasy",65675,69681,-5.75,"Smila, Ukraine",49.23348,31.883774
"Uman","Умань","Cherkasy",81525,88735,-8.13,"Uman, Ukraine",48.7504909,30.2197926
"Zolotonosha","Золотоноша","Cherkasy",27206,28793,-5.51,"Zolotonosha, Ukraine",49.668591,32.042571
"Chernihiv","Чернігів","Chernihiv",282747,304994,-7.29,"Chernihiv, Ukraine",51.5020004,31.2839353
"Nizhyn","Ніжин","Chernihiv",65830,76625,-14.09,"Nizhyn, Ukraine",51.0468441,31.879958
"Pryluky","Прилуки","Chernihiv",51637,64861,-20.39,"Pryluky, Ukraine",50.5854735,32.3904861
"Chernivtsi","Чернівці","Chernivtsi",264298,240621,9.84,"Chernivtsi, Ukraine",48.3196348,25.9414791
"Alushta","Алушта","Crimea",29078,31440,-7.51,"Alushta, Ukraine",44.672831,34.405735
"Armiansk","Армянськ","Crimea",21987,23869,-7.88,"Armiansk, Ukraine",46.110821,33.691149
"Bakhchysarai","Бахчисарай","Crimea",27448,27549,-0.37,"Bakhchysarai, Ukraine",44.7576067,33.8622317
"Dzhankoi","Джанкой","Crimea",38622,43343,-10.89,"Dzhankoi, Ukraine",45.710687,34.39172
"Feodosia","Феодосія","Crimea",69038,74669,-7.54,"Feodosia, Ukraine",45.0470694,35.3791254
"Kerch","Керч","Crimea",147033,157007,-6.35,"Kerch, Ukraine",45.360166,36.466842
"Saky","Саки","Crimea",25146,29416,-14.52,"Saky, Ukraine",45.138454,33.601261
"Simferopol","Сімферополь","Crimea",332317,343644,-3.3,"Simferopol, Ukraine",44.951198,34.101966
"Yalta","Ялта","Crimea",76746,81654,-6.01,"Yalta, Ukraine",44.502352,34.1571576
"Yany Kapu","Яни Капу","Crimea",26268,31023,-15.33,"Yany Kapu, Ukraine",45.95547,33.79261
"Yevpatoria","Євпаторія","Crimea",105719,105915,-0.19,"Yevpatoria, Ukraine",45.3157,33.32688
"Dnipro","Дніпро","Dnipropetrovsk",968502,1080846,-10.39,"Dnipro, Ukraine",46.4975,32.30861
"Kamianske","Кам'янське","Dnipropetrovsk",226845,255841,-11.33,"Kamianske, Ukraine",48.51716,34.60617
"Kryvyi Rih","Кривий Ріг","Dnipropetrovsk",603904,709014,-14.82,"Kryvyi Rih, Ukraine",47.934343,33.434202
"Marhanets","Марганець","Dnipropetrovsk",44980,49592,-9.3,"Marhanets, Ukraine",47.66319,34.6033474
"Nikopol","Нікополь","Dnipropetrovsk",105160,136280,-22.84,"Nikopol, Ukraine",47.5797052,34.3744743
"Pavlohrad","Павлоград","Dnipropetrovsk",101430,118816,-14.63,"Pavlohrad, Ukraine",48.5407015,35.8735718
"Pokrov","Покров","Dnipropetrovsk",37493,44834,-16.37,"Pokrov, Ukraine",47.6608787,34.0778343
"Samar","Самар","Dnipropetrovsk",69855,72439,-3.57,"Samar, Ukraine",48.6393286,35.2614192
"Shakhtarske","Шахтарське","Dnipropetrovsk",27099,29140,-7,"Shakhtarske, Ukraine",50.727444,24.132327
"Synelnykove","Синельникове","Dnipropetrovsk",29651,32302,-8.21,"Synelnykove, Ukraine",48.3195536,35.5229132
"Ternivka","Тернівка","Dnipropetrovsk",26961,29226,-7.75,"Ternivka, Ukraine",48.524566,36.082378
"Vilnohirsk","Вільногірськ","Dnipropetrovsk",22079,23782,-7.16,"Vilnohirsk, Ukraine",48.4876209,34.0223886
"Zhovti Vody","Жовті Води","Dnipropetrovsk",42052,53582,-21.52,"Zhovti Vody, Ukraine",48.3661746,33.5033655
"Avdiivka","Авдіївка","Donetsk",31392,37210,-15.64,"Avdiivka, Ukraine",48.12733,37.755452
"Bakhmut","Бахмут","Donetsk",71094,82916,-14.26,"Bakhmut, Ukraine",48.5946353,38.0010151
"Chystiakove","Чистякове","Donetsk",53462,72346,-26.1,"Chystiakove, Ukraine",48.029712,38.622195
"Debaltseve","Дебальцеве","Donetsk",24209,30246,-19.96,"Debaltseve, Ukraine",48.332875,38.413263
"Dobropillia","Добропілля","Donetsk",28170,35638,-20.96,"Dobropillia, Ukraine",48.4688656,37.0849876
"Dokuchaievsk","Докучаєвськ","Donetsk",22835,24383,-6.35,"Dokuchaievsk, Ukraine",47.753294,37.68049
"Donetsk","Донецьк","Donetsk",901645,1016194,-11.27,"Donetsk, Ukraine",47.981308,37.775285
"Druzhkivka","Дружківка","Donetsk",53977,64557,-16.39,"Druzhkivka, Ukraine",48.619921,37.5253
"Horlivka","Горлівка","Donetsk",239828,292250,-17.94,"Horlivka, Ukraine",48.336237,38.053274
"Khartsyzk","Харцизьк","Donetsk",56182,64175,-12.46,"Khartsyzk, Ukraine",48.042777,38.140178
"Khrestivka","Хрестівка","Donetsk",27370,30910,-11.45,"Khrestivka, Ukraine",48.146403,38.360466
"Kostiantynivka","Костянтинівка","Donetsk",67350,95111,-29.19,"Kostiantynivka, Ukraine",48.5289005,37.7025054
"Kramatorsk","Краматорськ","Donetsk",147145,181025,-18.72,"Kramatorsk, Ukraine",48.738967,37.58435
"Lyman","Лиман","Donetsk",20066,28172,-28.77,"Lyman, Ukraine",48.990465,37.805534
"Makiivka","Макіївка","Donetsk",338968,389589,-12.99,"Makiivka, Ukraine",48.04645,37.964167
"Mariupol","Маріуполь","Donetsk",425681,492176,-13.51,"Mariupol, Ukraine",47.126518,37.557355
"Myrnohrad","Мирноград","Donetsk",46098,54787,-15.86,"Myrnohrad, Ukraine",48.2937758,37.2758233
"Pokrovsk","Покровськ","Donetsk",60127,69154,-13.05,"Pokrovsk, Ukraine",48.288239,37.175995
"Selydove","Селидове","Donetsk",21521,26793,-19.68,"Selydove, Ukraine",48.14504,37.299603
"Shakhtarsk","Шахтарськ","Donetsk",48208,59589,-19.1,"Shakhtarsk, Ukraine",48.0504056,38.4847845
"Sloviansk","Слов'янськ","Donetsk",105141,124829,-15.77,"Sloviansk, Ukraine",48.84974,37.59739
"Snizhne","Сніжне","Donetsk",45767,58496,-21.76,"Snizhne, Ukraine",48.017313,38.764191
"Toretsk","Торецьк","Donetsk",30914,43371,-28.72,"Toretsk, Ukraine",48.390799,37.850293
"Volnovakha","Волноваха","Donetsk",21166,24647,-14.12,"Volnovakha, Ukraine",47.594578,37.500017
"Yasynuvata","Ясинувата","Donetsk",34144,37552,-9.08,"Yasynuvata, Ukraine",48.126689,37.859128
"Yenakiieve","Єнакієве","Donetsk",76673,103997,-26.27,"Yenakiieve, Ukraine",48.258797,38.18995
"Dolyna","Долина","Ivano-Frankivsk",20417,20906,-2.34,"Dolyna, Ukraine",48.9801223,23.9719968
"Ivano-Frankivsk","Івано-Франківськ","Ivano-Frankivsk",238196,218359,9.08,"Ivano-Frankivsk, Ukraine",48.9182817,24.7199702
"Kalush","Калуш","Ivano-Frankivsk",65088,67902,-4.14,"Kalush, Ukraine",49.022642,24.368788
"Kolomyia","Коломия","Ivano-Frankivsk",60821,61989,-1.88,"Kolomyia, Ukraine",48.535884,25.031403
"Nadvirna","Надвірна","Ivano-Frankivsk",22504,20932,7.51,"Nadvirna, Ukraine",48.628815,24.576548
"Balakliia","Балаклія","Kharkiv",26334,32408,-18.74,"Balakliia, Ukraine",49.4549908,36.8462331
"Chuhuiv","Чугуїв","Kharkiv",31018,36789,-15.69,"Chuhuiv, Ukraine",49.835287,36.679428
"Izium","Ізюм","Kharkiv",44979,56114,-19.84,"Izium, Ukraine",49.212048,37.2537277
"Kharkiv","Харків","Kharkiv",1421125,1470902,-3.38,"Kharkiv, Ukraine",49.985946,36.2735399
"Kupiansk","Куп'янськ","Kharkiv",26627,32449,-17.94,"Kupiansk, Ukraine",49.7097582,37.6126297
"Liubotyn","Люботин","Kharkiv",20001,24173,-17.26,"Liubotyn, Ukraine",49.9502275,35.933591
"Lozova","Лозова","Kharkiv",53126,64041,-17.04,"Lozova, Ukraine",48.8906399,36.3141606
"Merefa","Мерефа","Kharkiv",21202,25018,-15.25,"Merefa, Ukraine",49.811275,36.0580319
"Zlatopil","Златопіль","Kharkiv",28510,32523,-12.34,"Zlatopil, Ukraine",47.96474,33.53793
"Kakhovka","Каховка","Kherson",34749,38238,-9.12,"Kakhovka, Ukraine",46.8129042,33.491965
"Kherson","Херсон","Kherson",279131,328360,-14.99,"Kherson, Ukraine",46.6504525,32.6081774
"Nova Kakhovka","Нова Каховка","Kherson",44427,52611,-15.56,"Nova Kakhovka, Ukraine",46.750045,33.369115
"Oleshky","Олешки","Kherson",24124,24123,0,"Oleshky, Ukraine",46.622674,32.725713
"Kamianets-Podilskyi","Кам'янець-Подільський","Khmelnytskyi",96896,99610,-2.72,"Kamianets-Podilskyi, Ukraine",48.6896981,26.5832116
"Khmelnytskyi","Хмельницький","Khmelnytskyi",274452,253994,8.05,"Khmelnytskyi, Ukraine",49.41835,26.97936
"Netishyn","Нетішин","Khmelnytskyi",36492,34358,6.21,"Netishyn, Ukraine",50.3350794,26.6376327
"Polonne","Полонне","Khmelnytskyi",20172,23211,-13.09,"Polonne, Ukraine",50.1209953,27.5061264
"Shepetivka","Шепетівка","Khmelnytskyi",40299,48212,-16.41,"Shepetivka, Ukraine",50.1745006,27.060231
"Slavuta","Славута","Khmelnytskyi",34918,34340,1.68,"Slavuta, Ukraine",50.2931996,26.858787
"Starokostiantyniv","Старокостянтинів","Khmelnytskyi",33921,35206,-3.65,"Starokostiantyniv, Ukraine",49.7544639,27.2057146
"Bila Tserkva","Біла Церква","Kyiv",207273,200131,3.57,"Bila Tserkva, Ukraine",49.811213,30.108923
"Boryspil","Бориспіль","Kyiv",64117,53975,18.79,"Boryspil, Ukraine",50.3514296,30.9546066
"Boiarka","Боярка","Kyiv",34394,35968,-4.38,"Boiarka, Ukraine",50.311043,30.308241
"Brovary","Бровари","Kyiv",109806,86839,26.45,"Brovary, Ukraine",50.51809,30.80671
"Bucha","Буча","Kyiv",37321,28533,30.8,"Bucha, Ukraine",50.5501533,30.2238803
"Fastiv","Фастів","Kyiv",44014,51976,-15.32,"Fastiv, Ukraine",50.076735,29.922759
"Irpin","Ірпінь","Kyiv",65167,40593,60.54,"Irpin, Ukraine",50.5201476,30.2389582
"Obukhiv","Обухів","Kyiv",33287,32776,1.56,"Obukhiv, Ukraine",50.1100967,30.6264969
"Pereiaslav","Переяслав","Kyiv",26273,31634,-16.95,"Pereiaslav, Ukraine",50.0694496,31.4571723
"Slavutych","Славутич","Kyiv",24464,24402,0.25,"Slavutych, Ukraine",51.5233066,30.7472455
"Vasylkiv","Васильків","Kyiv",37068,39722,-6.68,"Vasylkiv, Ukraine",50.1775509,30.3179483
"Vyshhorod","Вишгород","Kyiv",33109,22933,44.37,"Vyshhorod, Ukraine",50.5900296,30.4877648
"Vyshneve","Вишневе","Kyiv",42983,34465,24.71,"Vyshneve, Ukraine",50.386975,30.382429
"Kropyvnytskyi","Кропивницький","Kirovohrad",219676,254103,-13.55,"Kropyvnytskyi, Ukraine",48.5169195,32.2525695
"Oleksandriia","Олександрія","Kirovohrad",76097,93357,-18.49,"Oleksandriia, Ukraine",48.6732915,33.1163471
"Svitlovodsk","Світловодськ","Kirovohrad",43130,50094,-13.9,"Svitlovodsk, Ukraine",49.039016,33.215395
"Znamianka","Знам'янка","Kirovohrad",21221,29412,-27.85,"Znamianka, Ukraine",48.7172486,32.6745982
"Alchevsk","Алчевськ","Luhansk",106062,119193,-11.02,"Alchevsk, Ukraine",48.475101,38.79957
"Antratsyt","Антрацит","Luhansk",52150,63698,-18.13,"Antratsyt, Ukraine",48.11886,39.073635
"Brianka","Брянка","Luhansk",44760,54767,-18.27,"Brianka, Ukraine",48.501134,38.670308
"Dovzhansk","Довжанськ","Luhansk",62691,72531,-13.57,"Dovzhansk, Ukraine",48.0742873,39.6569446
"Holubivka","Голубівка","Luhansk",26654,35199,-24.28,"Holubivka, Ukraine",49.7490625,37.6346019
"Kadiivka","Кадіївка","Luhansk",73248,90152,-18.75,"Kadiivka, Ukraine",48.563504,38.642096
"Khrustalnyi","Хрустальний","Luhansk",79533,94875,-16.17,"Khrustalnyi, Ukraine",48.13954,38.93715
"Luhansk","Луганськ","Luhansk",397677,463097,-14.13,"Luhansk, Ukraine",48.577952,39.306412
"Lysychansk","Лисичанськ","Luhansk",93340,115229,-19,"Lysychansk, Ukraine",48.881646,38.470185
"Otamanivka","Отаманівка","Luhansk",22449,25528,-12.06,"Otamanivka, Ukraine",48.573081,28.831657
"Perevalsk","Перевальськ","Luhansk",24817,29665,-16.34,"Perevalsk, Ukraine",48.43779,38.84384
"Rovenky","Ровеньки","Luhansk",45514,53725,-15.28,"Rovenky, Ukraine",48.079704,39.352999
"Rubizhne","Рубіжне","Luhansk",55247,65322,-15.42,"Rubizhne, Ukraine",49.012064,38.391815
"Siverskodonetsk","Сіверськодонецьк","Luhansk",99067,119940,-17.4,"Siverskodonetsk, Ukraine",48.86588,38.09779
"Sokolohirsk","Сокологірськ","Luhansk",36091,43082,-16.23,"Sokolohirsk, Ukraine",46.5008893,34.9473196
"Sorokyne","Сорокине","Luhansk",42315,50560,-16.31,"Sorokyne, Ukraine",48.2908559,39.7439022
"Sukhodilsk","Суходільськ","Luhansk",20390,23642,-13.76,"Sukhodilsk, Ukraine",48.3529021,39.7247892
"Boryslav","Борислав","Lviv",32473,38122,-14.82,"Boryslav, Ukraine",49.284935,23.423254
"Brody","Броди","Lviv",23134,23239,-0.45,"Brody, Ukraine",50.0822152,25.1412375
"Drohobych","Дрогобич","Lviv",73682,79119,-6.87,"Drohobych, Ukraine",49.3519012,23.5113069
"Lviv","Львів","Lviv",717273,732818,-2.12,"Lviv, Ukraine",49.839683,24.029717
"Novoiavorivsk","Новояворівськ","Lviv",31366,26483,18.44,"Novoiavorivsk, Ukraine",49.9252558,23.568663
"Novyi Rozdil","Новий Розділ","Lviv",27841,28227,-1.37,"Novyi Rozdil, Ukraine",49.472269,24.1243289
"Sambir","Самбір","Lviv",34152,36556,-6.58,"Sambir, Ukraine",49.5164679,23.2017288
"Sheptytskyi","Шептицький","Lviv",64297,70568,-8.89,"Sheptytskyi, Ukraine",49.806685,24.8971118
"Sokal","Сокаль","Lviv",20373,21693,-6.08,"Sokal, Ukraine",50.479904,24.290214
"Stebnyk","Стебник","Lviv",20200,20863,-3.18,"Stebnyk, Ukraine",48.8608269,24.5792371
"Stryi","Стрий","Lviv",59425,62479,-4.89,"Stryi, Ukraine",49.2543706,23.8433914
"Truskavets","Трускавець","Lviv",28287,31037,-8.86,"Truskavets, Ukraine",49.2705015,23.5104869
"Zolochiv","Золочів","Lviv",23912,23481,1.84,"Zolochiv, Ukraine",49.798816,24.897586
"Mykolaiv","Миколаїв","Mykolaiv",470011,514136,-8.58,"Mykolaiv, Ukraine",46.9667556,31.9913401
"Pervomaisk","Первомайськ","Mykolaiv",62426,70170,-11.04,"Pervomaisk, Ukraine",48.041186,30.843817
"Pivdennoukrainsk","Південноукраїнськ","Mykolaiv",38560,38206,0.93,"Pivdennoukrainsk, Ukraine",46.4863777,30.7296347
"Voznesensk","Вознесенськ","Mykolaiv",33442,42634,-21.56,"Voznesensk, Ukraine",47.575932,31.324845
"Kyiv","Київ","N/A (city with special status)",2952301,2611327,13.06,"Kyiv, Ukraine",50.4497495,30.5237178
"Sevastopol","Севастополь","N/A (city with special status)",393304,342451,14.85,"Sevastopol, Ukraine",44.550653,33.5389528
"Bilhorod-Dnistrovskyi","Білгород-Дністровський","Odesa",47727,51890,-8.02,"Bilhorod-Dnistrovskyi, Ukraine",46.1815011,30.3194461
"Chornomorsk","Чорноморськ","Odesa",57983,54151,7.08,"Chornomorsk, Ukraine",46.3004462,30.6547309
"Izmail","Ізмаїл","Odesa",69932,84815,-17.55,"Izmail, Ukraine",45.3519986,28.8367565
"Odesa","Одеса","Odesa",1010537,1029049,-1.8,"Odesa, Ukraine",46.4752044,30.7087978
"Pivdenne","Південне","Odesa",32677,23977,36.28,"Pivdenne, Ukraine",50.0581498,35.9611035
"Podilsk","Подільськ","Odesa",39220,40718,-3.68,"Podilsk, Ukraine",47.749257,29.532659
"Hadiach","Гадяч","Poltava",22851,22698,0.67,"Hadiach, Ukraine",50.36912,33.997
"Horishni Plavni","Горішні Плавні","Poltava",49854,51740,-3.65,"Horishni Plavni, Ukraine",49.0057644,33.6440102
"Kremenchuk","Кременчук","Poltava",215271,234073,-8.03,"Kremenchuk, Ukraine",49.06253,33.40484
"Lubny","Лубни","Poltava",44089,52572,-16.14,"Lubny, Ukraine",50.01261,33.003243
"Myrhorod","Миргород","Poltava",37886,42886,-11.66,"Myrhorod, Ukraine",49.963604,33.610748
"Poltava","Полтава","Poltava",279593,317998,-12.08,"Poltava, Ukraine",49.5981817,34.5428414
"Dubno","Дубно","Rivne",36901,39146,-5.73,"Dubno, Ukraine",50.388654,25.754863
"Kostopil","Костопіль","Rivne",30838,30467,1.22,"Kostopil, Ukraine",50.8772684,26.4479594
"Rivne","Рівне","Rivne",243873,248813,-1.99,"Rivne, Ukraine",50.6130575,26.2550158
"Sarny","Сарни","Rivne",28626,28144,1.71,"Sarny, Ukraine",51.336359,26.615503
"Varash","Вараш","Rivne",41711,38830,7.42,"Varash, Ukraine",51.3396799,25.8584633
"Zdolbuniv","Здолбунів","Rivne",24501,24612,-0.45,"Zdolbuniv, Ukraine",50.520943,26.254081
"Hlukhiv","Глухів","Sumy",31789,35768,-11.12,"Hlukhiv, Ukraine",51.6784329,33.9123347
"Konotop","Конотоп","Sumy",83543,92657,-9.84,"Konotop, Ukraine",51.232285,33.201763
"Krolevets","Кролевець","Sumy",22111,25183,-12.2,"Krolevets, Ukraine",51.551015,33.379131
"Lebedyn","Лебедин","Sumy",23892,28948,-17.47,"Lebedyn, Ukraine",50.5819892,34.4822301
"Okhtyrka","Охтирка","Sumy",46660,50399,-7.42,"Okhtyrka, Ukraine",50.302951,34.892289
"Romny","Ромни","Sumy",37765,50448,-25.14,"Romny, Ukraine",50.7395607,33.4831371
"Shostka","Шостка","Sumy",71966,87130,-17.4,"Shostka, Ukraine",51.864721,33.487362
"Sumy","Суми","Sumy",256474,293141,-12.51,"Sumy, Ukraine",50.9118954,34.8013897
"Chortkiv","Чортків","Ternopil",28279,29057,-2.68,"Chortkiv, Ukraine",49.013938,25.788007
"Kremenets","Кременець","Ternopil",20476,22051,-7.14,"Kremenets, Ukraine",50.092582,25.734184
"Ternopil","Тернопіль","Ternopil",225004,227755,-1.21,"Ternopil, Ukraine",49.5606349,25.5986723
"Haisyn","Гайсин","Vinnytsia",25698,25640,0.23,"Haisyn, Ukraine",48.810526,29.393353
"Khmilnyk","Хмільник","Vinnytsia",26916,27898,-3.52,"Khmilnyk, Ukraine",49.5512098,27.9417755
"Koziatyn","Козятин","Vinnytsia",22241,26635,-16.5,"Koziatyn, Ukraine",49.7176816,28.837661
"Ladyzhyn","Ладижин","Vinnytsia",22459,22219,1.08,"Ladyzhyn, Ukraine",48.6886324,29.239796
"Mohyliv-Podilskyi","Могилів-Подільський","Vinnytsia",29925,32853,-8.91,"Mohyliv-Podilskyi, Ukraine",48.4477999,27.8044844
"Vinnytsia","Вінниця","Vinnytsia",369739,356665,3.67,"Vinnytsia, Ukraine",49.23281,28.494008
"Zhmerynka","Жмеринка","Vinnytsia",33754,37349,-9.63,"Zhmerynka, Ukraine",49.037564,28.108897
"Kovel","Ковель","Volyn",67575,66401,1.77,"Kovel, Ukraine",51.2108,24.710628
"Lutsk","Луцьк","Volyn",215986,208816,3.43,"Lutsk, Ukraine",50.7557986,25.3531004
"Novovolynsk","Нововолинськ","Volyn",49772,53838,-7.55,"Novovolynsk, Ukraine",50.7246796,24.1604534
"Volodymyr","Володимир","Volyn",37910,38256,-0.9,"Volodymyr, Ukraine",50.8527954,24.3254873
"Berehove","Берегове","Zakarpattia",23325,26735,-12.75,"Berehove, Ukraine",48.2053705,22.6451245
"Khust","Хуст","Zakarpattia",28039,29080,-3.58,"Khust, Ukraine",48.17193,23.29791
"Mukachevo","Мукачево","Zakarpattia",85569,82346,3.91,"Mukachevo, Ukraine",48.44248,22.718
"Uzhhorod","Ужгород","Zakarpattia",115449,117317,-1.59,"Uzhhorod, Ukraine",48.618251,22.2893864
"Vynohradiv","Виноградів","Zakarpattia",25317,25760,-1.72,"Vynohradiv, Ukraine",48.143146,23.024478
"Berdiansk","Бердянськ","Zaporizhzhia",106311,121692,-12.64,"Berdiansk, Ukraine",46.773142,36.778575
"Enerhodar","Енергодар","Zaporizhzhia",52237,56242,-7.12,"Enerhodar, Ukraine",47.49478,34.647594
"Melitopol","Мелітополь","Zaporizhzhia",148851,160657,-7.35,"Melitopol, Ukraine",46.8509792,35.3604015
"Tokmak","Токмак","Zaporizhzhia",29573,36275,-18.48,"Tokmak, Ukraine",47.2534259,35.7083663
"Zaporizhzhia","Запоріжжя","Zaporizhzhia",710052,817882,-13.18,"Zaporizhzhia, Ukraine",47.8464561,35.1492677
"Berdychiv","Бердичів","Zhytomyr",73046,87575,-16.59,"Berdychiv, Ukraine",49.8922968,28.5906628
"Korosten","Коростень","Zhytomyr",61496,66669,-7.76,"Korosten, Ukraine",50.959561,28.614438
"Korostyshiv","Коростишів","Zhytomyr",24129,26068,-7.44,"Korostyshiv, Ukraine",50.319422,29.05705
"Malyn","Малин","Zhytomyr",25172,28113,-10.46,"Malyn, Ukraine",50.7627614,29.2595234
"Zhytomyr","Житомир","Zhytomyr",261624,284236,-7.96,"Zhytomyr, Ukraine",50.2542791,28.6590098
"Zviahel","Звягель","Zhytomyr",55086,56259,-2.08,"Zviahel, Ukraine",50.59412,27.6165
